<?xml version="1.0" encoding="UTF-8"?>
<project-private xmlns="http://www.netbeans.org/ns/project-private/1">
    <editor-bookmarks xmlns="http://www.netbeans.org/ns/editor-bookmarks/2" lastBookmarkId="0"/>
    <open-files xmlns="http://www.netbeans.org/ns/projectui-open-files/2">
        <group>
            <file>file:/C:/Users/maxwe/OneDrive/Documentos/NetBeansProjects/Jato/src/jato/Planos.java</file>
            <file>file:/C:/Users/maxwe/OneDrive/Documentos/NetBeansProjects/Jato/src/jato/Cliente.java</file>
            <file>file:/C:/Users/maxwe/OneDrive/Documentos/NetBeansProjects/Jato/src/jato/Jato.java</file>
            <file>file:/C:/Users/maxwe/OneDrive/Documentos/NetBeansProjects/Jato/src/jato/TelaPrincipal.java</file>
            <file>file:/C:/Users/maxwe/OneDrive/Documentos/NetBeansProjects/Jato/src/jato/Plano.java</file>
            <file>file:/C:/Users/maxwe/OneDrive/Documentos/NetBeansProjects/Jato/src/jato/TelaCadastroCarro.java</file>
            <file>file:/C:/Users/maxwe/OneDrive/Documentos/NetBeansProjects/Jato/src/jato/Agendamento.java</file>
            <file>file:/C:/Users/maxwe/OneDrive/Documentos/NetBeansProjects/Jato/src/jato/Agenda.java</file>
            <file>file:/C:/Users/maxwe/OneDrive/Documentos/NetBeansProjects/Jato/src/jato/Tela.java</file>
        </group>
    </open-files>
</project-private>
